accuracy,cost_per_eval
0.5005,5010.0
0.75025,7510.0
0.8751249999999999,8760.0
0.9375625,9380.0
1.0,10000.0
