accuracy,cost_per_eval
0.5005,0.06062333345413204
0.75025,0.06832928657531734
0.8751249999999999,0.07460858821868893
0.9375625,0.07558137416839596
1.0,0.07839710474014278
