accuracy,cost_per_eval
0.5005,0.061045813560485794
0.75025,0.06725064039230341
0.8751249999999999,0.07309957265853878
0.9375625,0.07712384939193721
1.0,0.07845230579376217
