accuracy,cost_per_eval
0.1,1.0862327480316163
0.2,1.3052717018127442
0.3,1.5293407106399537
0.4,1.7677033829689026
0.5,2.0523944878578186
0.6,2.3191561245918275
0.7,2.557685208320618
0.8,2.827441170215607
0.9,3.1133004236221313
1.0,3.423175406455994
