accuracy,cost_per_eval
0.12,1.1648003625869752
0.2,1.2237514066696167
0.28,1.298031063079834
0.36,1.393896758556366
0.44,1.4992506003379822
0.52,1.5994484186172486
0.6,1.7033552813529969
0.68,1.8062963151931763
0.76,1.9055917477607727
0.84,2.0188719916343687
0.92,2.157092316150665
1.0,2.260053095817566
