accuracy,cost_per_eval
0.6,1.796762430667877
0.8,2.012231788635254
0.9,2.447177617549896
1.0,2.32395378112793
