,n_pts,median_r2,q05_r2,q95_r2,median_mae,q05_mae,q95_mae
0,2,-16.966359692340156,-938.5942152804735,-248.1380835574893,3.711256924593962,4.8762977698530054,10.582572426229977
1,3,-10.731312649850471,-3317.606617275148,-92.31962092083225,3.3112153684424217,3.296807784021812,11.578328459394115
2,4,0.9998784250979937,-419.60073284578453,-5.713474103243522,0.011949290657636218,0.5620470050619296,4.506423465114872
3,5,0.9996036177496316,-413.98815905091527,-4.342514338011161,0.020496103945212375,0.6005362934577817,4.464927689318264
4,6,0.9999999660726342,0.7892419479385283,0.9773239980327547,0.00020803781022690204,0.036407634293061375,0.22094689002000265
