,env_name,interpolation_expression,inverse_expression,lower_time,upper_time
0,SymbolicRegressor,-5.38769029390096e-12*m**0+0.02000000000507729*m**1-9.254819133275305e-13*m**2+2.65898414397725e-14*m**3-3.3306690738754696e-16*m**4-1.1926223897340549e-18*m**5+4.912791094074942e-20*m**6+4.499862532288471e-22*m**7-6.617444900424222e-24*m**8+2.1002632740604218e-26*m**9,+6.66773303237278e-10*m_inv**0+49.9999999901047*m_inv**1+4.2913598008453846e-08*m_inv**2-1.2223608791828156e-07*m_inv**3+2.4121254682540894e-07*m_inv**4-2.3096799850463867e-07*m_inv**5+1.1548399925231934e-07*m_inv**6-2.421438694000244e-08*m_inv**7+9.313225746154785e-10*m_inv**8-2.2118911147117615e-09*m_inv**9,5.0,50.0
1,WindFLO,-373.37592103177485*m**0+65259.59659205517*m**1-5012537.10005486*m**2+221882940.30623055*m**3-6234447928.443909*m**4+115294947172.78711*m**5-1403455462073.1875*m**6+10847201061117.188*m**7-48330506214167.0*m**8+94655474815535.0*m**9,+0.03014250513505683*m_inv**0-0.017390584969313894*m_inv**1+0.9148106278984613*m_inv**2-6.094775542632789*m_inv**3+26.67554987520907*m_inv**4-74.14946514715939*m_inv**5+125.2410059135891*m_inv**6-122.99929755053745*m_inv**7+64.2297589585769*m_inv**8-13.748312788062663*m_inv**9,0.0301260232925414,0.0820262670516967
2,MuJoCo,+1.3065815096524602e-10*m**0+0.0009999999982784613*m**1+4.583139423530724e-15*m**2-4.7196675821009615e-18*m**3+3.771943593241806e-21*m**4-3.851559727200035e-24*m**5+2.0194839173657902e-27*m**6+5.9164567891575885e-31*m**7-1.0833355937178202e-34*m**8+5.877471754111438e-38*m**9,+1.3357748684938997e-08*m_inv**0+999.9999998013955*m_inv**1+8.582137525081635e-07*m_inv**2-2.4456530809402466e-06*m_inv**3+5.0067901611328125e-06*m_inv**4-4.738569259643555e-06*m_inv**5+3.2782554626464844e-06*m_inv**6-3.5762786865234375e-07*m_inv**7-1.6391277313232422e-07*m_inv**8-4.470348358154297e-08*m_inv**9,100.0,1000.0
3,Turbines,-578.1370015211837*m**0+2477.032636316382*m**1-4637.464239600224*m**2+4979.408167408597*m**3-3379.5737908376577*m**4+1504.0917792479304*m**5-439.1299086612389*m**6+81.13800362145741*m**7-8.613600375084054*m**8+0.40049241702400096*m**9,+5.044521329258316*m_inv**0-107.5456560411684*m_inv**1+1187.223199463182*m_inv**2-6863.669263582495*m_inv**3+23703.025914416503*m_inv**4-51165.173818562005*m_inv**5+69574.39550169976*m_inv**6-57854.71407741064*m_inv**7+26847.902608041477*m_inv**8-5322.796754072726*m_inv**9,1.2212213897705078,3.692175276279449
